Concept,Count,Swadesh
948_WATER,1147,Swadesh200
189_HAIR_BODY,1120,
1248_EYE,1110,Swadesh200
221_FIRE,1104,Swadesh200
1256_HEAD,1092,Swadesh200
1343_SUN,1086,Swadesh200
763_SKIN,1077,Swadesh200
1394_BONE,1056,Swadesh200
2009_DOG,1030,Swadesh200
1380_TOOTH,1024,Swadesh200
646_ASH,1016,Swadesh200
1554_MAN,1016,Swadesh200
857_STONE,999,Swadesh200
937_BIRD,998,Swadesh200
1336_EAT,991,Swadesh200
906_TREE,978,Swadesh200
1392_LOUSE,977,Swadesh200
1247_EAR,946,Swadesh200
1498_TWO,926,Swadesh200
1221_NOSE,923,Swadesh200
744_EGG,915,Swadesh200
1493_ONE,913,Swadesh200
1402_BREAST,907,Swadesh200
946_BLOOD,904,Swadesh200
1405_NAME,897,Swadesh200
1205_TONGUE,894,Swadesh200
1035_GOOD,892,Swadesh200
1220_TAIL,891,Swadesh200
1430_STAR,887,Swadesh200
1209_I,864,Swadesh200
778_SMOKE_EXHAUST,860,Swadesh200
1233_NIGHT,853,Swadesh200
1446_COME,836,Swadesh200
962_WOMAN,827,Swadesh200
1566_blackcreature,825,
1416_SIT,819,Swadesh200
1216_MOTHER,817,Swadesh200
1409_SEE,805,Swadesh200
1585_SLEEP,801,Swadesh200
674_MOUTH,791,Swadesh200
1313_MOON,783,Swadesh200
1297_LEG,769,
1337_PIG,759,
1447_GIVE,758,Swadesh200
1442_STAND,752,Swadesh200
1231_NEW,747,Swadesh200
1371_KNEE,745,Swadesh200
2108_RAINING_OR_RAIN,728,
1202_BIG,724,Swadesh200
1203_LONG,724,Swadesh200
1246_SMALL,710,Swadesh200
1333_NECK,706,Swadesh200
1217_FATHER,704,Swadesh200
671_SAND,702,Swadesh200
1489_CLOUD,697,Swadesh200
628_LEAF,687,Swadesh200
1335_WHITE,680,Swadesh200
156_RED,674,Swadesh200
1251_BELLY,669,Swadesh200
670_ROOT,669,Swadesh200
1673_ARM,669,
1287_COLD,660,Swadesh200
960_WIND,658,Swadesh200
639_MOUNTAIN,650,Swadesh200
2312_YOU_OBLIQUE_CASE_OF_YOU,647,
725_OLD_PERSON,621,
323_FAT_ORGANIC_SUBSTANCE,613,
2304_THEE_OBLIQUE_CASE_OF_YOU,604,
2193_meatgame,603,
1212_WE,597,
730_SNAKE,593,Swadesh200
1786_DRY_UP,591,
2638_FISHING,589,
1252_HOUSE,578,
1257_WING,566,Swadesh200
2159_GROUND,563,
1429_FULL,560,Swadesh200
1408_HEAR,544,Swadesh200
868_BANANA,539,
1403_BITE,528,Swadesh200
1235_WHO,527,Swadesh200
2255_hesheitthatthose,525,
1236_WHAT,516,Swadesh200
1494_DIE,509,Swadesh200
2457_PATH_OR_ROAD,508,Swadesh200
2102_BURN,504,Swadesh200
1198_MANY,503,Swadesh200
2506_thislohap,498,
1482_SHOULDER,498,
867_backofhand,481,
351_TARO,476,
1258_FINGERNAIL,475,
1223_HEART,470,Swadesh200
98_ALL,462,Swadesh200
1443_WALK,462,Swadesh200
2256_badworthless,461,
2502_thatdistant,458,
1424_YELLOW,457,Swadesh200
2095_arrowbarredarrowwithcrossbar,456,
466_CASSOWARY,452,
1441_FLY_MOVE_THROUGH_AIR,447,Swadesh200
1224_LIVER,443,Swadesh200
2215_shortpeople,432,
1215_THOU,414,Swadesh200
1417_KILL,407,Swadesh200
1425_GREEN,398,Swadesh200
1210_HEAVY,397,Swadesh200
1269_NO,394,
2509_yamtaitu,391,
2272_HOT_OR_WARM,387,Swadesh200
695_GO,383,
1726_WET,377,Swadesh200
1490_RAT,373,
981_ELBOW,373,
492_THREE,366,Swadesh200
1509_MOSQUITO,366,
146_SUGAR_CANE,365,
503_FROG,350,
817_THEY,349,Swadesh200
1286_HOT,347,
159_SWEET_POTATO,346,
2499_childm,344,
714_SEED,341,Swadesh200
970_COCONUT,338,
1277_HAND,329,
1917_TIE,327,Swadesh200
1401_DRINK,326,Swadesh200
1366_BOY,325,
1240_NOT,322,Swadesh200
235_FLYING_FOX,317,
1355_LAUGH,315,Swadesh200
2510_tofallfromstanding,312,
1172_SHOOT,312,
1352_KNIFE,309,
1295_STICK,309,Swadesh200
1201_FEATHER,308,Swadesh200
586_GARDEN,307,
1174_YESTERDAY,303,
1507_FRUIT,302,
1339_MORNING,301,
1839_CRY,297,
1646_GIRL,296,
1329_TOMORROW,294,
1228_EARTH_SOIL,290,Swadesh200
1237_WHERE,288,Swadesh200
2252_PATH,287,
1204_BARK,285,Swadesh200
2708_TALK,283,
1433_HIT,281,Swadesh200
1857_CROCODILE,279,
72_CLAW,276,Swadesh200
215_LIE_DOWN,275,Swadesh200
683_PERSON,275,Swadesh200
165_WALLABY,275,
1504_FLY_INSECT,275,
2270_SAGO,274,
700_CARRY,274,
1410_KNOW_SOMETHING,272,Swadesh200
879_COUGH,270,
1439_SWIM,269,Swadesh200
1142_URINE,269,
1510_CHIN,263,
1781_THUMB,263,
2495_axetomahawk,261,
293_NETBAG,260,
1268_YES,260,
1519_RUN,259,
217_BETELNUT,258,
1404_STRAIGHT,257,Swadesh200
908_DRUM,256,
1458_SAY,256,Swadesh200
1500_FOUR,256,Swadesh200
175_BLOW_OF_WIND,247,Swadesh200
343_VINE,246,
1838_NAVEL,243,
1732_SKY,243,Swadesh200
945_SPEAR,238,
1432_CUT,236,Swadesh200
1807_AFTERNOON,235,
1262_BROTHER,234,
2098_FOOT_OR_LEG,234,
1418_DIG,234,Swadesh200
675_FAECES_EXCREMENT,233,
1927_BAMBOO,229,
1503_SALIVA,229,
1592_CHEST,229,
974_TOBACCO,224,
1453_WASH,224,
1690_FENCE,220,
493_FIVE,219,Swadesh200
1395_ROUND,218,Swadesh200
1278_VOMIT,218,Swadesh200
2092_HIS_OR_HER,218,
1263_SISTER,216,
1623_SPEAK,216,
982_LIME_FRUIT,216,
1419_FEAR_BE_AFRAID,213,Swadesh200
420_FOREST,213,
930_VILLAGE,212,
1406_FAR,212,Swadesh200
1942_NEAR,206,Swadesh200
123_FOREHEAD,205,
834_BUTTOCKS,204,
1448_HOLD,202,Swadesh200
1629_faceforehead,200,
1222_PENIS,199,
994_BOW,198,
1274_SALT,198,Swadesh200
1920_DREAM_SOMETHING,197,
2090_MY,195,
2378_THUNDER_VERB,194,
1456_THROW,194,Swadesh200
1238_WHEN,192,Swadesh200
1396_SHARP,192,Swadesh200
1301_FOOT,190,
1218_ROPE,189,Swadesh200
2507_therelohap,188,
2092_chickenwild,188,
680_BREAK_DESTROY_OR_GET_DESTROYED,188,
832_BEAN,186,
1791_BUTTERFLY,184,
1654_LIGHTNING,184,
732_YOUR_SINGULAR,183,
1847_SICK,182,
1455_PULL,182,Swadesh200
1606_INSIDE,181,Swadesh200
1346_THROAT,180,
800_THIGH,180,
1879_DANCE,178,
2089_ourtwopronounp1pdual,178,
1515_TEN,176,
1759_OLDER_BROTHER,176,
1436_SCRATCH,176,Swadesh200
1533_BE_HUNGRY,174,
1437_SPLIT,174,Swadesh200
2500_pandanusedible,170,
1553_MALE,170,
249_FOG,169,Swadesh200
1474_SEA,167,Swadesh200
1588_TURN,167,Swadesh200
138_BATHE,166,
1586_SMELL_PERCEIVE,166,Swadesh200
805_tocallout,166,
1393_HORN_ANATOMY,165,Swadesh200
1749_TAKE,163,
3037_SAME-SEX_OLDER_SIBLING,163,
1717_toputgive,163,
51_SORE,162,
1334_GUTS,162,Swadesh200
1347_NAPE_OF_NECK,160,
1886_ARMPIT,159,
1423_FIGHT,159,Swadesh200
136_HERE,158,Swadesh200
2105_FEMALE_PERSON,158,
1452_PUSH,158,Swadesh200
1573_SWELL,157,Swadesh200
1965_LOINCLOTH,156,
776_TRUNK_OF_TREE,156,
630_LIGHT_RADIATION,155,
2163_dirtywater,154,
792_BOIL_OF_LIQUID,154,
1924_VEIN,153,
1253_RAIN_RAINING,152,Swadesh200
2014_GO_DOWN_DESCEND,152,
297_CROOKED,151,
1758_OLDER_SISTER,151,
1901_SHOVEL,150,
155_CHOP,148,
2075_possessivemarker,148,
406_OLD_MAN,147,
178_RIPE,147,
3039_DIFFERENT-SEX_OLDER_SIBLING,146,
2274_YOUR_PLURAL,146,
2087_axeiron,143,
1989_CALF,143,
3038_SAME-SEX_YOUNGER_SIBLING,143,
1303_FINGER,142,
1905_theydualpronound3pdual,142,
798_JAW,141,
705_GO_UP_ASCEND,141,
463_FELL_A_TREE,141,
2086_thempronouno3pdual,141,
2006_FILL,138,
1970_CANOE,138,
345_SAP,138,
1829_JUMP,138,
1199_WIFE,136,Swadesh200
907_OLD_WOMAN,135,
666_RIVER,135,Swadesh200
1819_LOOK,135,
2090_theirpronounp3pdual,134,
301_stringbag,133,
2636_WE_TWO_EXCLUSIVE,133,
1579_BE,133,
241_TREE_STUMP,132,
1667_HOLE,131,
2121_ARM_OR_HAND,131,
2068_himheritpronouno3s,131,
2275_SHADOW,128,
1980_treetop,128,
1487_POUR,128,
843_tobuysellbarter,128,
269_COOKED,127,
1486_PLANT_SOMETHING,127,
1651_TEAR_OF_EYE,126,
1289_BABY,124,
2093_AFTERWARDS,123,
1837_VULVA,123,
897_SWALLOW,123,
1600_SKIRT,122,
1475_COMB,122,
1415_THINK_REFLECT,122,Swadesh200
113_SHORE,121,
1969_shortpieceofwood,121,
1962_ROAST_SOMETHING,121,
478_LIP,119,
2119_BOW_STRING,118,
1882_BEFORE,116,
126_SWEAT_PERSPIRE,116,
251_SHARPEN_SOMETHING,115,
819_STOMACH,115,
1624_EMPTY,115,
2072_singsing,115,
1719_BURY,115,
1131_WE_INCLUSIVE,114,Swadesh200
1180_DAY_BEFORE_YESTERDAY,114,
822_HOW_MANY,114,
2301_ME,114,
1539_BASKET,113,
813_DO,113,
234_PADDLE,112,
2026_treepossum,112,
1242_FEW,111,Swadesh200
1376_NOW,111,
701_SLOW,110,
2634_WE_TWO,110,
1200_HUSBAND,110,Swadesh200
2220_MOVE_QUICKLY,110,
2310_US_OBLIQUE_CASE_OF_WE,110,
1583_BRAIN,109,
2158_EARTH_WET_SUBSTANCE,108,
1531_BRANCH,108,
1179_DAY_AFTER_TOMORROW,108,
467_CRAYFISH,106,
2041_leftarm,106,
1967_firelight,105,
2091_chickentame,105,
1703_SIX,104,
2093_arrowpronged,104,
1730_CHEEK,103,
2042_rightarm,103,
480_PLATE,103,
1650_WATCH,102,
177_BETEL_PEPPER_VINE,102,
1676_ALWAYS,101,
468_G-STRING,101,
1094_FASTEN,99,
2046_APRON,98,
729_DAWN,97,
2111_YOU_TWO,96,
2371_BREADFRUIT,95,
1704_SEVEN,94,
2490_NOON,94,
2100_THATCH_OR_ROOF,93,
862_SUGAR,92,
1483_NINE,91,
1705_EIGHT,90,
147_COCONUT_TREE,89,
688_LUNG,89,
2027_groundpossum,86,
298_youpronound2s,85,
1397_DULL,85,Swadesh200
984_WORK_LABOUR,85,
1307_LANGUAGE,83,
1457_SEW,83,Swadesh200
2094_arrowhooked,83,
1086_WORK_ACTIVITY,82,
1100_COOK_SOMETHING,81,
702_CATCH,79,
841_FISHING_SPEAR,78,
124_THORN,77,
239_FLOWER,77,Swadesh200
1480_BODY,76,
1219_WORM,76,Swadesh200
1577_AND,75,Swadesh200
926_RICE,75,
1728_ROTTEN,75,Swadesh200
3040_DIFFERENT-SEX_YOUNGER_SIBLING,75,
624_LAKE,73,Swadesh200
2182_LEFT_HAND,73,Swadesh200
606_GRASS,72,Swadesh200
1710_TWENTY,71,
1462_POT,71,
1567_DOOR,67,
1440_SPIT,67,Swadesh200
949_WATER_LEECH,66,
1400_THIN_SLIM,66,Swadesh200
1434_STAB,65,Swadesh200
208_NASAL_MUCUS_SNOT,64,
502_NAIL_TOOL,64,
1325_FRIEND,63,
141_BURN_SOMETHING,63,
587_ANT,62,
244_LEFT,61,
1049_MOLAR_TOOTH,60,
1741_ABOVE,60,
1421_SUCK,59,Swadesh200
1243_WIDE,58,Swadesh200
797_TESTICLES,58,
1725_CORRECT_RIGHT,58,Swadesh200
31_PAN,57,
762_OUTSIDE,56,
1019_RIGHT,55,
1244_THICK,55,Swadesh200
1420_COUNT,55,Swadesh200
619_ANIMAL,53,Swadesh200
1267_NARROW,52,Swadesh200
1634_HUNDRED,51,
2259_FLESH,50,
458_DEAF_PERSON,50,
2309_LIVE,50,Swadesh200
112_TURTLE,49,
1102_CLIMB,49,
1836_VAGINA,49,
1261_SING,49,Swadesh200
2183_RIGHT_HAND,49,Swadesh200
1653_BLIND,48,
487_SHY,48,
1485_BELOW_OR_UNDER,46,
2497_RATTAN,46,
1383_GRANDFATHER,46,
1413_PLAY,46,Swadesh200
1468_LOOK_FOR,46,
1178_NOSTRIL,45,
2_DUST,45,Swadesh200
1843_THOUSAND,45,
1683_BUSH,44,
1363_VOICE,44,
622_ISLAND,44,
1742_siblingoppositesex,44,
1407_BREATHE,44,Swadesh200
2106_theirspronounp3p,44,
1013_FRESHWATER_EEL,43,
843_SPIDER,42,
10_FIREWOOD,42,
893_topoffoot,42,
1895_CLOTHES,41,
980_HEEL,41,
1665_BEAT,41,
195_MAT,40,
1260_DAY_24_HOURS,40,Swadesh200
1208_CAT,39,
2468_BAG,38,
2314_BROTHER-IN-LAW,38,
1306_iseethesnake,38,
2103_PAINFUL_OR_SICK,38,
1496_GRANDMOTHER,37,
2504_DIFFERENT,37,
1307_thesnakeseesme,37,
125_SWEAT_SUBSTANCE,36,
3012_BANDICOOT,36,
3260_HORNBILL,35,
12_MIDDAY,35,
2674_ORAL_CAVITY,35,
1302_twohundred,35,
1239_HOW,35,Swadesh200
1208_cuscus,34,
801_RIB,34,
640_MUD,34,
3030_LONTAR_PALM,34,
1629_EVENING,34,
945_shinbone,33,
1735_TEAR_SHRED,33,
1935_ANUS,32,
176_BLOW_WITH_MOUTH,32,
1974_CENTIPEDE,32,
1760_YOUNGER_BROTHER,32,
539_NEST,32,
580_FUR,32,
2088_yourtwoplpronounp2pdual,32,
1786_windcold,31,
1188_CHARCOAL,31,
1911_DRAW_WATER,31,
164_KANGAROO,31,
713_STEAL,31,
479_GROW,30,
2372_SAGO_PALM,30,
388_FISHNET,30,
2666_SOLE_FOOT,30,
1883_IN_FRONT_OF,30,
2085_ustwopronouno1pdual,30,
889_FLAME,29,
1763_CLUB,29,
2115_CEASE_OR_FINISH,28,
626_LAND,28,
3269_PORCH,28,
1156_OPEN,28,
321_CHEW,28,
2317_SISTER-IN-LAW,27,
1206_cockatoo,27,
2225_ironwood,27,
47_EXCRETA,27,
1129_PAINFUL,27,
491_CENTER,27,
238_PRAWNS,27,
866_WIN,27,
477_LATE,27,
1183_PALM_OF_HAND,27,
1661_houseofwoman,27,
1761_YOUNGER_SISTER,26,
2197_lowerback,26,
2003_FLOW,26,Swadesh200
749_ENTER,26,
1272_AUNT,26,
1856_SOFT,25,
2673_BIRD_OF_PARADISE,25,
1620_SON,25,
789_PEOPLE,25,
1175_GHOST,24,
1884_HARD,24,
2802_SAGO_GRUB,24,
1517_WASP,24,
1790_youngerlastborn,24,
1733_RAINBOW,24,
6_EARTHQUAKE,24,
1461_AT,24,Swadesh200
1357_DAUGHTER,24,
3137_OAR,24,
531_HOW_MUCH,24,
719_FIND,23,
1657_TRUE,23,
1757_TIRED,23,
2616_SAGO_THATCH,23,
1767_SCRAPE,23,
339_DIGGING_STICK,23,
1773_treebase,23,
632_LIZARD,22,
328_GRASS-SKIRT,22,
2200_staff,22,
1107_GO_OUT,22,
1530_BOWL,22,
1055_FATHER-IN-LAW,22,
1241_SOME,22,Swadesh200
1283_TODAY,21,
706_DARK,21,
2199_slick,21,
855_SEIZE,21,
1575_COCKROACH,21,
2486_HIDE,21,
185_FIREPLACE,21,
1459_IF,21,Swadesh200
67_EMBERS,21,
1145_SWAMP,20,
1686_BEHIND,20,
1602_WAKE_UP,20,
1004_MUSCLE,20,
1449_RUB,20,Swadesh200
1096_SONG,20,
1414_SQUEEZE,20,Swadesh200
678_BEARD,19,
379_BLUNT,19,
2680_MACHETE,19,
1540_EYELASH,19,
999_JOINT,19,
1536_UNDERSTAND,19,
1704_pandanusmat,19,
1793_BAT,18,
256_FOOD,18,
1711_TELL,18,
1491_MOUSE,18,
955_sagotree,18,
190_MOW,18,
2355_GECKO,18,
2963_NET,18,
2513_womansclothespulpul,18,
1928_CEASE,18,
408_MEN'S_HOUSE,18,
1255_sagoporridge,17,
925_CASSAVA,17,
1382_NEEDLE_FOR_SEWING,17,
1269_swollen,17,
956_sagoflour,17,
711_TALL,17,
42_STINKING,17,
200_SAME,17,
354_POUND,17,
1853_DOVE,17,
865_withbymeansof,17,
2508_yammaho,17,
1547_SOUP,17,
696_STIR,17,
1901_recline,17,
1435_HUNT,17,Swadesh200
1958_UNRIPE,16,
2207_goanna,16,
1695_nipapalm,16,
1959_RAW,16,
665_BEE,16,
2445_PAPAYA,16,
431_UPPER_ARM,16,
808_yesterdaytomorrow,16,
2419_contents,16,
57_ATOP,16,
1643_COUSIN,16,
1385_PEPPER,16,
1678_limestick,16,
751_SHRUB,16,
1593_DEEP,15,
1577_bridgestepsladder,15,
1244_overthere,15,
592_PISS,15,
2348_CRAB,15,
187_LOIN,15,
2439_arrowshaft,15,
1560_FACE,15,
1050_MOTHER-IN-LAW,15,
1706_topant,15,
1664_RAFT,15,
392_MAGIC,15,
2060_STORY,15,
1226_YEAR,15,Swadesh200
285_tostay,14,
1706_ELEVEN,14,
2071_LAY_VERB,14,
1389_TOE,14,
3176_RACK_FOR_STORING_FOOD,14,
2417_ceremonialhouse,14,
197_OTHER,14,Swadesh200
2159_cassurinatree,14,
2405_fishweir,14,
2504_thisclose,14,
76_YOUNG_MAN,14,
690_BOTTOM,14,
635_MILK,13,
206_FIREFLY,13,
882_PARROT,13,
1454_WIPE,13,Swadesh200
1173_EYEBROW,13,
2226_goods,13,
2398_MANGO,13,
127_EXTINGUISH,13,
1149_ORPHAN,13,
2515_youngboy,13,
2516_comequick,13,
2517_giveme,13,
1816_BESIDE,13,
1574_FLOAT,13,Swadesh200
692_BRING,12,
1731_sawfish,12,
1580_ONLY,12,
2289_faraway,12,
2456_palmcabbage,12,
3149_ARMLET,12,
446_LOWER_ARM,12,
2389_carving,12,
1625_DEAD,12,
1064_SHIELD,12,
2519_arise,12,
2512_tobreakwood,12,
2505_thisfurther,12,
2514_totow,12,
841_locativenounsuffixattofrom,12,
1028_YAWN,12,
1811_SOUND_OR_NOISE,12,
1603_cowife,12,
1182_NOISE,12,
1327_UNCLE,12,
1881_ENOUGH,11,
694_GET,11,
1270_WHY,11,
825_AWAKE,11,
1919_TORCH,11,
2824_KNUCKLE,11,
2248_tothrowaway,11,
2429_tocutthrough,11,
2240_crownpigeon,11,
1558_SIMILAR,11,
2284_slippery,11,
1411_LIE_REST,11,
2760_MAKE_A_JOKE,11,
2070_underneath,11,
2523_talktome,11,
53_SPIRIT,11,
1598_coconutmat,11,
1765_thicket,11,
1652_greens,11,
1113_WRAP,11,
2165_SLOWLY,10,
281_POST,10,
717_SWEET,10,
805_SPINE,10,
497_SCAR,10,
620_INSECT,10,
1207_YOUNG,10,
378_PINCH,10,
549_COPULATE,10,
495_REVENGE,10,
2774_LITTLE_FINGER,10,
3179_CORAL_ROCK,10,
1587_SMELL_STINK,10,
1370_MONTH,10,
1465_BOX,10,
3281_JOB'S_TEARS,10,
2415_bushfowl,10,
2426_nipafruit,10,
2035_POND,10,
2073_ripebanana,10,
570_STAND_UP,10,
834_acertainonesomeanother,10,
1621_SNEEZE,10,
1014_OR,10,
1130_WE_EXCLUSIVE,10,
2672_HEADWATERS,10,
1633_feast,10,
1739_shellhull,10,
1258_shellfish,10,
2117_DESIRE,10,
2498_childf,10,
1265_HIGH,9,
653_PLANT_VEGETATION,9,
1590_WAIT_FOR,9,
193_SHALLOW,9,
2238_sleepy,9,
2637_WE_TWO_INCLUSIVE,9,
3034_GREEN_COCONUT,9,
2229_matoa,9,
1358_ENEMY,9,
430_TWIST,9,
1729_PLAIT_OR_BRAID_OR_WEAVE,9,
2393_sagotrough,9,
498_medialverbsuffixds,9,
1945_interrogative,9,
614_HILL,9,
1617_discclub,9,
785_STRONG,9,
1584_canoeplatform,9,
1697_odour,9,
1721_reciprocalaction,9,
1563_bit,9,
1707_TWELVE,9,
1708_THIRTEEN,9,
2451_FOURTEEN,9,
1709_FIFTEEN,9,
2454_SIXTEEN,9,
2453_SEVENTEEN,9,
1713_EIGHTEEN,9,
1714_NINETEEN,9,
496_CUCUMBER,8,
1826_ANGRY,8,
2506_LOOSE,8,
1563_PYTHON,8,
473_SPEAR_SOMEBODY,8,
1075_TRAP_PITFALL,8,
837_BLUE,8,
2210_sagopancake,8,
2214_shortthings,8,
1966_shootplant,8,
687_NOTHING,8,
2423_movement,8,
2410_coconutshell,8,
2407_sunlight,8,
3280_TUSK,8,
2403_firetongs,8,
2503_theredistant,8,
840_immediateimperativepluralverbsuffix,8,
2670_ACROSS,8,
2671_PENIS_SHEATH,8,
3220_MATERNAL_UNCLE,8,
1604_cowrie,8,
1977_DEW,8,
88_BEEHIVE,8,
1738_sheath,8,
3843_BUT,8,
1640_SIBLING,8,
52_SHIVER,7,
847_THIRSTY,7,
389_FISH_TRAP,7,
1276_treekangaroo,7,
1780_BILE,7,
2265_tosuckatbreast,7,
2235_umbilicalcord,7,
201_FARM,7,
3162_CROSS-COUSIN,7,
1669_ANCESTORS,7,
863_EDGE,7,
2434_gall,7,
1195_GIVE_BIRTH,7,
1745_HIP,7,
796_NIPPLE,7,
1227_BOARD,7,
2413_seasidewest,7,
2975_THOUGHT,7,
2392_sagopith,7,
2497_notknow,7,
411_GOURD,7,
1588_tocastnet,7,
1010_BOUNDARY,7,
870_BREATH,7,
1668_irontool,7,
779_PART,7,
1710_pigeonparrot,7,
1776_urchin,7,
1681_WAIST,7,
1910_therefore,7,
1046_SHUT,7,
95_SANDFLY,7,
1552_anattolipsticktree,7,
1750_CHOOSE,7,
307_HAWK,6,
191_NUT,6,
1617_GRANDCHILD,6,
1222_fishspcatfish,6,
2274_innermouth,6,
1137_TENDON,6,
2301_1ppaucal,6,
2421_crust,6,
2431_distribution,6,
2451_tomakethatch,6,
1105_CAMP,6,
355_CUT_DOWN,6,
613_HIGH_TIDE,6,
2449_knotinwood,6,
2443_livelybusy,6,
33_NETTLE,6,
2453_togiveanorder,6,
2437_totremble,6,
822_plsuffixonkinshipnouns,6,
511_forbenefactivecliticisedorsuffixedtonoun,6,
868_orplinsomeverbs,6,
869_orsginsomeverbs,6,
881_also,6,
2785_BIVALVIA_MUSSELS_OR_OYSTERS,6,
1746_BLADDER,6,
1470_FOLD,6,
1705_pandanusnet,6,
829_RAFTER,6,
280_RIDGEPOLE,6,
1759_strainer,6,
1296_WALKING_STICK,6,
1774_twodaysagoorhence,6,
1558_bambooknife,6,
1587_carpenterbee,6,
2643_INK,6,
607_GRASSHOPPER,6,
1671_lavalavasarong,6,
2951_POUCH,6,
1326_DOWN,6,
2654_VIPER,6,
301_CHIEFTAIN,6,
1993_SELF,6,
506_MAIZE,5,
883_TERMITE,5,
1218_fern,5,
1512_RISE_ONESELF,5,
2302_2ppaucal,5,
2303_3ppaucal,5,
339_spineofleaf,5,
84_JUST,5,
1991_INTESTINES,5,
810_predicativepossessivesuffix,5,
2561_HURT_SENSE_PAIN,5,
971_these,5,
1633_FLAT,5,
1906_SOUR,5,
1585_canoepole,5,
1225_DAY_NOT_NIGHT,5,
1672_leafwovenitem,5,
1717_FIFTY,5,
1115_SPEECH,5,
3181_MUSTARD,5,
992_CLIFF,5,
1476_CHAIR,5,
2100_blossom,5,
2153_squash,5,
2154_taboo,5,
149_ITCHY,5,
1492_DUMB,4,
1905_EAGLE,4,
2349_SHRIMP,4,
1702_palmroof,4,
895_TORTOISE,4,
2432_drymeat,4,
2412_secretly,4,
978_WAVE,4,
2518_giveyou,4,
506_medialssverbsuffix,4,
860_toclearbushforplanting,4,
1949_BEDBUG,4,
727_WHICH,4,
804_purposiveverbsuffix,4,
2257_firegoesout,4,
2262_marsupial,4,
2264_beunwilling,4,
"2472_SUCKLE_BREASTFEED,_NURSE",4,
1756_WIDOW,4,
1981_WIDOWER,4,
923_LOVE,4,
1290_tonotknow,4,
980_bushhen,4,
1065_SPIDER_WEB,4,
2288_METEROID_SHOOTING_OR_SHINING_STAR,4,
1559_bananaseed,4,
1586_canoewithoutoutrigger,4,
1126_CITRUS_FRUIT,4,
1481_HAMMER,4,
1693_needlefishsp,4,
1715_pufferfish,4,
1654_headcovering,4,
2333_THREE_DAYS_BEFORE_NOW,4,
405_OLDER_SIBLING,4,
157_DYE,4,
489_KIDNEY,4,
2150_fedupwith,4,
2152_smallmammal,4,
2164_husbandandwife,4,
470_POSSUM,4,
1766_FINISH,3,
2411_HURT_SOMEBODY,3,
1892_TOUCH,3,
1631_FAST,3,
1632_FLOOR,3,
3161_CHEW_BETEL,3,
1000_youth,3,
2151_sitwithfeetandlegstogether,3,
2286_leafdecoration,3,
2287_roofinggrass,3,
134_FAULT,3,
2288_bushknife,3,
933_WALL_OF_HOUSE,3,
2237_deadperson,3,
2241_malicious,3,
2243_auxiliaryverb,3,
2291_stale,3,
183_BAKE,3,
232_FLEA,3,
1940_GUARD,3,
2295_sleepingmat,3,
335_sagorefuse,3,
1762_STONE_OF_FRUIT,3,
1367_CROSS,3,
2401_erect,3,
1159_FART,3,
2444_groin,3,
1743_JOIN,3,
2450_knowledge,3,
350_MANGROVE,3,
2452_midrib,3,
845_MURDER,3,
1036_OWNER,3,
2526_POWER,3,
2411_treesap,3,
266_SCALE,3,
2408_tostraighten,3,
2438_tighthard,3,
2524_talktoyou,3,
2522_talktohim,3,
499_medialsequentialsuffixhavingfinishedthatandthen,3,
871_transitiveverbformingsuffixcausative,3,
581_COME_BACK,3,
873_verbsuffixpresentcontinuoussg,3,
879_verbsuffixpasttensesg,3,
1748_RIDGE,3,
884_medialverbsuffix,3,
886_cordylinesp,3,
862_plateauflatland,3,
933_tolunge,3,
2283_toseek,3,
2275_lance,3,
2253_tofetch,3,
7_GATHER,3,
803_ANKLE,3,
2352_DRAGONFLY,3,
1673_lee,3,
1324_SLIP,3,
1784_weavingwovenmaterial,3,
1803_WOOD,3,
192_CORNER,3,
25_DIRT,3,
808_DRIP_FALL_IN_GLOBULES,3,
1949_negative,3,
1950_locative,3,
1952_separative,3,
1954_vocative,3,
1994_COLLARBONE,3,
1808_PUS,3,
2155_temporary,3,
1309_ASK_INQUIRE,3,
2162_cuthair,3,
2363_CHAFF_HUSK,3,
2168_motherandchild,3,
1674_POOR,3,
1123_PREGNANT,3,
588_BROKEN,2,
816_HALF,2,
1660_LOSE,2,
275_PEEL,2,
1740_PINE,2,
864_PUMPKIN,2,
2135_TRADE_OR_BARTER,2,
894_middletongue,2,
1254_sagomidrib,2,
2127_died,2,
1155_CAVE,2,
2394_sagopulp,2,
1584_BLISTER,2,
2943_BUNDLE,2,
1157_BECAUSE,2,Swadesh200
121_SPIN,2,
1644_RELATIVES,2,
1501_BORE,2,
34_STAIRS,2,
802_ADAM'S_APPLE,2,
3172_SCABIES,2,
2208_BE_AT_WAR,2,
904_BERRY,2,Swadesh200
737_LIGHT_IGNITE,2,
1063_NEPHEW,2,
735_OWL,2,
777_FLUTE,2,
2662_TOENAIL,2,
142_RETURN_HOME,2,
1090_BE_BORN,2,
1927_andi,2,
1930_placenamesuffix,2,
1543_SNAIL,2,
2500_GINGER,2,
1909_SHAKE,2,
1932_inconsequential,2,
738_THING,2,
322_FIG,2,
1943_topic,2,
1944_kinsman,2,
1947_inessive,2,
1897_HELP,2,
3076_SLOPE,2,
204_AGAIN,2,
1931_nominalcollective,2,
760_KNOT,2,
1605_SKULL,2,
1171_MIRROR,2,
2126_musicalinstrument,2,
1844_BOAT,2,
2146_kookaburra,2,
2161_crumbs,2,
2174_appetiser,2,
2175_breakbone,2,
2176_emphaticpronounmarker,2,
2018_GREEDY,2,
3252_PANCREAS,2,
2180_point,2,
2173_inlaw,2,
771_HAT,1,
2754_TOWARDS,1,
1648_grandfathergrandchild,1,
2292_opening,1,
3173_TINEA,1,
1234_SMOOTH,1,Swadesh200
772_BELT,1,
2478_crossbelt,1,
2479_breastornament,1,
1288_CAP,1,
2483_earornament,1,
770_EARRING,1,
2485_featherornament,1,
2487_headornament,1,
2488_necklacebeads,1,
2489_necklacedogsteeth,1,
2490_nosebone,1,
1124_PIPE,1,
2492_pubicnut,1,
2493_pubicshell,1,
1165_MOUSTACHE,1,
965_sagoswamp,1,
2399_GRANDPARENT,1,
2255_FATHER-IN-LAW_OF_MAN,1,
2257_MOTHER-IN-LAW_OF_MAN,1,
988_womansinlaw,1,
1618_GRANDSON,1,
999_batten,1,
1782_dugong,1,
1196_birdspgallinaceous,1,
887_BITTER,1,
676_SHIT_DEFECATE,1,
1213_drift,1,
1944_GOD,1,
357_HANG_UP,1,
1235_headache,1,
3017_MONITOR_LIZARD,1,
641_MUSHROOM,1,
590_NAKED,1,
1245_palmmidrib,1,
1181_PALM_TREE,1,
1247_pandanusfruit,1,
2148_PICK,1,
168_REST,1,
1256_sagostirrer,1,
1572_SURPRISED,1,
1273_tomorrowmorning,1,
272_TONGS,1,
2393_JOURNEY,1,
1277_treespgnetumgnemon,1,
1278_tuber,1,
924_VEGETABLES,1,
1599_WORD,1,
2005_MASK,1,
2118_venus,1,
917_ORNAMENT,1,
909_GARBAGE,1,
1043_BRAID,1,
1752_LEAVE,1,
1002_STATUE,1,
131_FESTIVAL,1,
1672_WRITE,1,
1754_BRACELET,1,
2132_ochre,1,
2134_stake,1,
1176_SPADE,1,
393_CIRCUMCISION,1,
2111_alangalang,1,
2181_sorcery,1,
518_SPARK,1,
